"Seller Gstin","Invoice Number","Invoice Date","Transaction Type","Order Id","Shipment Id","Shipment Date","Order Date","Shipment Item Id",Quantity,"Item Description",Asin,Hsn/sac,Sku,"Product Tax Code","Bill From City","Bill From State","Bill From Country","Bill From Postal Code","Ship From City","Ship From State","Ship From Country","Ship From Postal Code","Ship To City","Ship To State","Ship To Country","Ship To Postal Code","Invoice Amount","Tax Exclusive Gross","Total Tax Amount","Cgst Rate","Sgst Rate","Utgst Rate","Igst Rate","Compensatory Cess Rate","Principal Amount","Principal Amount Basis","Cgst Tax","Sgst Tax","Igst Tax","Utgst Tax","Compensatory Cess Tax","Shipping Amount","Shipping Amount Basis","Shipping Cgst Tax","Shipping Sgst Tax","Shipping Utgst Tax","Shipping Igst Tax","Shipping Cess Tax Amount","Gift Wrap Amount","Gift Wrap Amount Basis","Gift Wrap Cgst Tax","Gift Wrap Sgst Tax","Gift Wrap Utgst Tax","Gift Wrap Igst Tax","Gift Wrap Compensatory Cess Tax","Item Promo Discount","Item Promo Discount Basis","Item Promo Tax","Shipping Promo Discount","Shipping Promo Discount Basis","Shipping Promo Tax","Gift Wrap Promo Discount","Gift Wrap Promo Discount Basis","Gift Wrap Promo Tax","Tcs Cgst Rate","Tcs Cgst Amount","Tcs Sgst Rate","Tcs Sgst Amount","Tcs Utgst Rate","Tcs Utgst Amount","Tcs Igst Rate","Tcs Igst Amount","Warehouse Id","Fulfillment Channel","Payment Method Code","Credit Note No","Credit Note Date"
06GETPD0854L1Z2,,"2026-01-05 10:50:36",Cancel,403-2058553-5779503,A01145111YSAZ5HHYW0UA,,,546164440615,1,,B0DRTK89NQ,,"Kids_Safety_Cover_4_Small+1_Large.",A_GEN_STANDARD,GURUGRAM,HARYANA,IN,122002,GURUGRAM,HARYANA,IN,122002,BENGALURU,KARNATAKA,IN,560066,0,0,0,0,0,0,0,0,0,0,0,0,0,0,0,0,0,0,0,0,0,0,0,0,0,0,0,0,0,0,0,0,0,0,0,0,0,0,0,0,0,0,0,0,0,0,,,,,
06GETPD0854L1Z2,IN-141,"2026-01-04 23:26:44",Shipment,406-3793007-7809161,A0367252RC6LA2AU47H7,"2026-01-05 12:11:34","2026-01-04 23:12:29",546153724207,1,"Electric Socket Safety Plug Cover  Baby Proofing Guard  3 Pin  White",B0DRTJYFXK,3923,"Kids_Safety_Cover_4_Small+1_Large",A_GEN_STANDARD,GURUGRAM,HARYANA,IN,122002,GURUGRAM,HARYANA,IN,122002,HYDERABAD,TELANGANA,IN,500084,99,83.9,15.1,0,0,0,0.18,0,99,83.9,0,0,15.1,0,0,0,0,0,0,0,0,0,0,0,0,0,0,0,0,0,0,0,0,0,0,0,0,0,0,0,0,0,0,0,0.005,0.42,,MFN,PayStation,,
06GETPD0854L1Z2,IN-142,"2026-01-05 08:33:31",Shipment,406-6875659-8312314,A01873342XC1E7L7CVTLW,"2026-01-06 12:06:35","2026-01-05 08:19:05",546036588362,1,"BINBA Set of 3 Pc Gas Cleaning Brush   Steel Brush   Wire Brush   Gas Stove Cleaning Brushes   Kitchen Tools Cleaning Kit   Chimney Cleaning Brush   B",B0CZDGTBKN,96032900,Kitchen_Wire_Brush,A_GEN_STANDARD,GURUGRAM,HARYANA,IN,122002,GURUGRAM,HARYANA,IN,122002,JAYGAON,"WEST BENGAL",IN,736182,99,83.9,15.1,0,0,0,0.18,0,99,83.9,0,0,15.1,0,0,0,0,0,0,0,0,0,0,0,0,0,0,0,0,0,0,0,0,0,0,0,0,0,0,0,0,0,0,0,0.005,0.42,,MFN,COD,,
06GETPD0854L1Z2,IN-143,"2026-01-05 10:50:36",Shipment,403-2058553-5779503,A01145111YSAZ5HHYW0UA,"2026-01-06 12:06:36","2026-01-05 10:37:12",546164440615,1,"Electric Socket Safety Plug Cover for Baby Protection  3 Pin Design  White",B0DRTK89NQ,3923,"Kids_Safety_Cover_4_Small+1_Large.",A_GEN_STANDARD,GURUGRAM,HARYANA,IN,122002,GURUGRAM,HARYANA,IN,122002,BENGALURU,KARNATAKA,IN,560066,99,83.9,15.1,0,0,0,0.18,0,99,83.9,0,0,15.1,0,0,0,0,0,0,0,0,0,0,0,0,0,0,0,0,0,0,0,0,0,0,0,0,0,0,0,0,0,0,0,0.005,0.42,,MFN,NB,,
06GETPD0854L1Z2,,"2026-01-08 20:36:40",Cancel,402-0392576-0036334,A05791531Y4WM2TUGCAWB,,,547110164649,1,,B0CZDGTBKN,,Kitchen_Wire_Brush,A_GEN_STANDARD,GURUGRAM,HARYANA,IN,122002,GURUGRAM,HARYANA,IN,122002,LUCKNOW,"UTTAR PRADESH",IN,226008,0,0,0,0,0,0,0,0,0,0,0,0,0,0,0,0,0,0,0,0,0,0,0,0,0,0,0,0,0,0,0,0,0,0,0,0,0,0,0,0,0,0,0,0,0,0,,,,,
06GETPD0854L1Z2,IN-145,"2026-01-08 20:36:42",Shipment,402-0392576-0036334,A05791531Y4WM2TUGCAWB,"2026-01-09 12:11:39","2026-01-08 20:36:19",547300816802,1,"BINBA Set of 3 Pc Gas Cleaning Brush   Steel Brush   Wire Brush   Gas Stove Cleaning Brushes   Kitchen Tools Cleaning Kit   Chimney Cleaning Brush   B",B0CZDGTBKN,96032900,Kitchen_Wire_Brush,A_GEN_STANDARD,GURUGRAM,HARYANA,IN,122002,GURUGRAM,HARYANA,IN,122002,LUCKNOW,"UTTAR PRADESH",IN,226008,99,83.9,15.1,0,0,0,0.18,0,99,83.9,0,0,15.1,0,0,0,0,0,0,0,0,0,0,0,0,0,0,0,0,0,0,0,0,0,0,0,0,0,0,0,0,0,0,0,0.005,0.42,,MFN,CC,,
06GETPD0854L1Z2,IN-144,"2026-01-08 18:36:01",Shipment,403-2660555-0341130,A02322383VRCDG4Z76HSU,"2026-01-09 12:11:37","2026-01-08 18:21:58",547250638045,1,"BINBA Set of 3 Pc Gas Cleaning Brush   Steel Brush   Wire Brush   Gas Stove Cleaning Brushes   Kitchen Tools Cleaning Kit   Chimney Cleaning Brush   B",B0CZDGTBKN,96032900,Kitchen_Wire_Brush,A_GEN_STANDARD,GURUGRAM,HARYANA,IN,122002,GURUGRAM,HARYANA,IN,122002,MYSURU,KARNATAKA,IN,570022,99,83.9,15.1,0,0,0,0.18,0,99,83.9,0,0,15.1,0,0,0,0,0,0,0,0,0,0,0,0,0,0,0,0,0,0,0,0,0,0,0,0,0,0,0,0,0,0,0,0.005,0.42,,MFN,COD,,
06GETPD0854L1Z2,IN-146,"2026-01-09 18:08:05",Shipment,404-4876695-2495511,A0979442LYQK0ACSDKL,"2026-01-10 13:08:22","2026-01-09 17:54:36",547553927099,1,"BINBA Set of 3 Pc Gas Cleaning Brush   Steel Brush   Wire Brush   Gas Stove Cleaning Brushes   Kitchen Tools Cleaning Kit   Chimney Cleaning Brush   B",B0CZDGTBKN,96032900,Kitchen_Wire_Brush,A_GEN_STANDARD,GURUGRAM,HARYANA,IN,122002,GURUGRAM,HARYANA,IN,122002,CHENNAI,"TAMIL NADU",IN,600126,99,83.9,15.1,0,0,0,0.18,0,99,83.9,0,0,15.1,0,0,0,0,0,0,0,0,0,0,0,0,0,0,0,0,0,0,0,0,0,0,0,0,0,0,0,0,0,0,0,0.005,0.42,,MFN,PayStation,,
06GETPD0854L1Z2,IN-147,"2026-01-11 05:41:41",Shipment,402-7301490-6089916,A03574683MLXWENAIU881,"2026-01-13 16:56:53","2026-01-11 05:30:55",547655916471,1,"Electric Socket Safety Plug Cover for Baby Protection  3 Pin Design  White",B0DRTK89NQ,3923,"Kids_Safety_Cover_4_Small+1_Large.",A_GEN_STANDARD,GURUGRAM,HARYANA,IN,122002,GURUGRAM,HARYANA,IN,122002,GANGAVALLI,"TAMIL NADU",IN,636105,129,109.32,19.68,0,0,0,0.18,0,129,109.32,0,0,19.68,0,0,0,0,0,0,0,0,0,0,0,0,0,0,0,0,0,0,0,0,0,0,0,0,0,0,0,0,0,0,0,0.005,0.55,,MFN,PayStation,,
06GETPD0854L1Z2,IN-148,"2026-01-16 19:40:21",Shipment,406-2425166-8901964,A00357052I5HS00NY9JGZ,"2026-01-17 13:54:11","2026-01-16 19:26:34",548445727076,1,"3D Roller Face Massager  Silver Chrome Finish  Twin Sphere Design",B0DTV1R7G2,901910,Massager-3D,A_GEN_REDUCED,GURUGRAM,HARYANA,IN,122002,GURUGRAM,HARYANA,IN,122002,KADAPA,"ANDHRA PRADESH",IN,516247,199,189.52,9.48,0,0,0,0.05,0,199,189.52,0,0,9.48,0,0,0,0,0,0,0,0,0,0,0,0,0,0,0,0,0,0,0,0,0,0,0,0,0,0,0,0,0,0,0,0.005,0.95,,MFN,COD,,
06GETPD0854L1Z2,IN-149,"2026-01-18 22:23:25",Shipment,403-2265407-0090729,A087706736PS2FMI4P3NT,"2026-01-19 12:06:32","2026-01-18 22:10:30",548591136654,1,"BINBA Set of 3 Pc Gas Cleaning Brush   Steel Brush   Wire Brush   Gas Stove Cleaning Brushes   Kitchen Tools Cleaning Kit   Chimney Cleaning Brush   B",B0CZDGTBKN,96032900,Kitchen_Wire_Brush,A_GEN_STANDARD,GURUGRAM,HARYANA,IN,122002,GURUGRAM,HARYANA,IN,122002,BENGALURU,KARNATAKA,IN,560049,129,109.32,19.68,0,0,0,0.18,0,129,109.32,0,0,19.68,0,0,0,0,0,0,0,0,0,0,0,0,0,0,0,0,0,0,0,0,0,0,0,0,0,0,0,0,0,0,0,0.005,0.55,,MFN,COD,,
06GETPD0854L1Z2,IN-150,"2026-01-19 17:40:18",Shipment,405-1172532-1793156,A04071471EH2XUAD434CX,"2026-01-20 12:12:14","2026-01-19 17:35:45",548569260912,1,"BINBA Set of 3 Pc Gas Cleaning Brush   Steel Brush   Wire Brush   Gas Stove Cleaning Brushes   Kitchen Tools Cleaning Kit   Chimney Cleaning Brush   B",B0CZDGTBKN,96032900,Kitchen_Wire_Brush,A_GEN_STANDARD,GURUGRAM,HARYANA,IN,122002,GURUGRAM,HARYANA,IN,122002,DEHRADUN,UTTARAKHAND,IN,248001,129,109.32,19.68,0,0,0,0.18,0,129,109.32,0,0,19.68,0,0,0,0,0,0,0,0,0,0,0,0,0,0,0,0,0,0,0,0,0,0,0,0,0,0,0,0,0,0,0,0.005,0.55,,MFN,GC_PayStation,,
06GETPD0854L1Z2,IN-148,"2026-01-16 19:40:21",Refund,406-2425166-8901964,A00357052I5HS00NY9JGZ,"2026-01-17 13:54:11","2026-01-16 19:26:34",548445727076,1,"3D Roller Face Massager  Silver Chrome Finish  Twin Sphere Design",B0DTV1R7G2,901910,Massager-3D,A_GEN_REDUCED,GURUGRAM,HARYANA,IN,122002,GURUGRAM,HARYANA,IN,122002,KADAPA,"ANDHRA PRADESH",IN,516247,-199,-189.52,-9.48,0,0,0,0.05,0,199,-189.52,0,0,-9.48,0,0,0,0,0,0,0,0,0,0,0,0,0,0,0,0,0,0,0,0,0,0,0,0,0,0,0,0,0,0,0,0.005,-0.95,,MFN,COD,CN-16,"2026-01-24 05:59:31"
06GETPD0854L1Z2,,"2026-01-25 08:44:03",Cancel,407-9404189-7323510,A053413713IS8541L6TEM,,,549004766102,1,,B0CZDGTBKN,,Kitchen_Wire_Brush,A_GEN_STANDARD,GURUGRAM,HARYANA,IN,122002,GURUGRAM,HARYANA,IN,122002,PRAYAGRAJ,"UTTAR PRADESH",IN,211004,0,0,0,0,0,0,0,0,0,0,0,0,0,0,0,0,0,0,0,0,0,0,0,0,0,0,0,0,0,0,0,0,0,0,0,0,0,0,0,0,0,0,0,0,0,0,,,,,
